{"cameraMode":{"drawMode":0,"name":"Shaded","section":"Shading Mode"},"sceneLighting":true,"audioPlay":false,"sceneViewState":{"showFog":true,"showMaterialUpdate":false,"showSkybox":true,"showFlares":true,"showImageEffects":true,"showParticleSystems":true},"in2DMode":false,"pivot":{"x":-2.0997657775878908,"y":10.31425666809082,"z":-20.42440414428711},"rotation":{"x":-0.2177213728427887,"y":-0.6851641535758972,"z":0.2268596738576889,"w":-0.6572619080543518},"size":32.97331237792969,"orthographic":false}