{"cameraMode":{"drawMode":0,"name":"Shaded","section":"Shading Mode"},"sceneLighting":false,"audioPlay":false,"sceneViewState":{"showFog":true,"showMaterialUpdate":false,"showSkybox":false,"showFlares":true,"showImageEffects":true,"showParticleSystems":true},"in2DMode":false,"pivot":{"x":0.005542933940887451,"y":0.5319892168045044,"z":-0.06743064522743225},"rotation":{"x":0.09003067016601563,"y":-0.903952419757843,"z":0.23442697525024415,"w":0.346464604139328},"size":2.3507049083709719,"orthographic":false}